{
  "exp1": {
    "with_cti_f1": [
      90.45045045045045,
      90.45045045045045,
      90.45045045045045,
      90.45045045045045,
      90.45045045045045,
      90.45045045045045,
      90.45045045045045,
      90.45045045045045,
      90.45045045045045,
      90.45045045045045,
      90.45045045045045,
      90.45045045045045,
      90.45045045045045,
      90.45045045045045,
      90.45045045045045,
      90.45045045045045,
      90.45045045045045,
      90.45045045045045,
      90.45045045045045,
      90.45045045045045,
      90.45045045045045,
      90.45045045045045
    ],
    "no_cti_f1": [
      90.45045045045045,
      90.45045045045045,
      90.45045045045045,
      90.45045045045045,
      90.45045045045045,
      90.45045045045045,
      90.45045045045045,
      90.45045045045045,
      90.45045045045045,
      90.45045045045045,
      90.45045045045045,
      90.45045045045045,
      90.45045045045045,
      90.45045045045045,
      90.45045045045045,
      90.45045045045045,
      90.45045045045045,
      90.45045045045045,
      90.45045045045045,
      90.45045045045045,
      90.45045045045045,
      90.45045045045045
    ],
    "final_with": 90.45045045045045,
    "final_no": 90.45045045045045,
    "improvement": 0.0,
    "paper_expected": 9.29,
    "iterations": [
      0,
      1,
      2,
      3,
      4,
      5,
      6,
      7,
      8,
      9,
      10,
      11,
      12,
      13,
      14,
      15,
      16,
      17,
      18,
      19,
      20,
      21
    ]
  },
  "exp2": {
    "IDS_CTI_Transfer": {
      "f1": 90.45045045045045,
      "precision": 98.4313725490196,
      "recall": 83.66666666666667,
      "accuracy": 94.11111111111111,
      "fpr": 0.6666666666666667,
      "fnr": 16.333333333333332,
      "tp": 251,
      "tn": 596,
      "fp": 4,
      "fn": 49,
      "svm_fpr": 0.6666666666666667,
      "svm_fnr": 16.333333333333332,
      "kmeans_fpr": 0.16666666666666669,
      "kmeans_fnr": 28.666666666666668
    },
    "IDS_IoC_Database": {
      "f1": 87.58865248226951,
      "precision": 93.56060606060606,
      "recall": 82.33333333333334,
      "accuracy": 92.22222222222223,
      "fpr": 2.833333333333333,
      "fnr": 17.666666666666668,
      "tp": 247,
      "tn": 583,
      "fp": 17,
      "fn": 53,
      "svm_fpr": 2.833333333333333,
      "svm_fnr": 17.666666666666668,
      "kmeans_fpr": 0.16666666666666669,
      "kmeans_fnr": 28.666666666666668
    },
    "Standalone_IDS": {
      "f1": 90.45045045045045,
      "precision": 98.4313725490196,
      "recall": 83.66666666666667,
      "accuracy": 94.11111111111111,
      "fpr": 0.6666666666666667,
      "fnr": 16.333333333333332,
      "tp": 251,
      "tn": 596,
      "fp": 4,
      "fn": 49,
      "svm_fpr": 0.6666666666666667,
      "svm_fnr": 16.333333333333332,
      "kmeans_fpr": 0.16666666666666669,
      "kmeans_fnr": 28.666666666666668
    },
    "IoC_DB_only": {
      "f1": 100.0,
      "precision": 100.0,
      "recall": 100.0,
      "accuracy": 100.0
    }
  },
  "exp3": {
    "kmeanspp": {
      "f1": 100.0,
      "precision": 100.0,
      "recall": 100.0,
      "accuracy": 100.0
    },
    "rule_based": {
      "f1": 0.0,
      "precision": 0.0,
      "recall": 0.0,
      "accuracy": 56.213017751479285
    },
    "improvement": {
      "f1_improvement": 100.0,
      "precision_improvement": 100.0,
      "recall_improvement": 100.0
    },
    "feature_count_f1": {
      "5": 81.6,
      "15": 94.28571428571428,
      "25": 98.97610921501706,
      "35": 99.66101694915255,
      "45": 99.66101694915255
    }
  },
  "exp4": {
    "benign": 90.45045045045045,
    "malicious": 90.45045045045045,
    "outlier": 90.45045045045045,
    "benign_malicious": 90.45045045045045,
    "benign_outlier": 90.45045045045045,
    "malicious_outlier": 90.45045045045045,
    "all": 90.45045045045045
  },
  "exp5": {
    "32_2": {
      "f1": 90.45045045045045,
      "loss": 9.549549549549553
    },
    "32_4": {
      "f1": 90.45045045045045,
      "loss": 9.549549549549553
    },
    "32_6": {
      "f1": 90.45045045045045,
      "loss": 9.549549549549553
    },
    "32_8": {
      "f1": 90.45045045045045,
      "loss": 9.549549549549553
    },
    "32_10": {
      "f1": 90.25270758122743,
      "loss": 9.747292418772574
    },
    "64_2": {
      "f1": 90.45045045045045,
      "loss": 9.549549549549553
    },
    "64_4": {
      "f1": 90.45045045045045,
      "loss": 9.549549549549553
    },
    "64_6": {
      "f1": 90.45045045045045,
      "loss": 9.549549549549553
    },
    "64_8": {
      "f1": 90.45045045045045,
      "loss": 9.549549549549553
    },
    "64_10": {
      "f1": 90.45045045045045,
      "loss": 9.549549549549553
    },
    "96_2": {
      "f1": 90.45045045045045,
      "loss": 9.549549549549553
    },
    "96_4": {
      "f1": 90.45045045045045,
      "loss": 9.549549549549553
    },
    "96_6": {
      "f1": 90.45045045045045,
      "loss": 9.549549549549553
    },
    "96_8": {
      "f1": 90.25270758122743,
      "loss": 9.747292418772574
    },
    "96_10": {
      "f1": 90.45045045045045,
      "loss": 9.549549549549553
    },
    "128_2": {
      "f1": 90.45045045045045,
      "loss": 9.549549549549553
    },
    "128_4": {
      "f1": 90.45045045045045,
      "loss": 9.549549549549553
    },
    "128_6": {
      "f1": 90.45045045045045,
      "loss": 9.549549549549553
    },
    "128_8": {
      "f1": 90.45045045045045,
      "loss": 9.549549549549553
    },
    "128_10": {
      "f1": 90.45045045045045,
      "loss": 9.549549549549553
    },
    "160_2": {
      "f1": 90.45045045045045,
      "loss": 9.549549549549553
    },
    "160_4": {
      "f1": 90.45045045045045,
      "loss": 9.549549549549553
    },
    "160_6": {
      "f1": 90.45045045045045,
      "loss": 9.549549549549553
    },
    "160_8": {
      "f1": 90.45045045045045,
      "loss": 9.549549549549553
    },
    "160_10": {
      "f1": 90.45045045045045,
      "loss": 9.549549549549553
    },
    "192_2": {
      "f1": 90.45045045045045,
      "loss": 9.549549549549553
    },
    "192_4": {
      "f1": 90.45045045045045,
      "loss": 9.549549549549553
    },
    "192_6": {
      "f1": 90.45045045045045,
      "loss": 9.549549549549553
    },
    "192_8": {
      "f1": 90.45045045045045,
      "loss": 9.549549549549553
    },
    "192_10": {
      "f1": 90.45045045045045,
      "loss": 9.549549549549553
    },
    "224_2": {
      "f1": 90.45045045045045,
      "loss": 9.549549549549553
    },
    "224_4": {
      "f1": 90.25270758122743,
      "loss": 9.747292418772574
    },
    "224_6": {
      "f1": 90.45045045045045,
      "loss": 9.549549549549553
    },
    "224_8": {
      "f1": 90.45045045045045,
      "loss": 9.549549549549553
    },
    "224_10": {
      "f1": 90.45045045045045,
      "loss": 9.549549549549553
    },
    "256_2": {
      "f1": 90.45045045045045,
      "loss": 9.549549549549553
    },
    "256_4": {
      "f1": 90.45045045045045,
      "loss": 9.549549549549553
    },
    "256_6": {
      "f1": 90.45045045045045,
      "loss": 9.549549549549553
    },
    "256_8": {
      "f1": 90.45045045045045,
      "loss": 9.549549549549553
    },
    "256_10": {
      "f1": 90.45045045045045,
      "loss": 9.549549549549553
    },
    "288_2": {
      "f1": 90.45045045045045,
      "loss": 9.549549549549553
    },
    "288_4": {
      "f1": 90.45045045045045,
      "loss": 9.549549549549553
    },
    "288_6": {
      "f1": 90.45045045045045,
      "loss": 9.549549549549553
    },
    "288_8": {
      "f1": 90.45045045045045,
      "loss": 9.549549549549553
    },
    "288_10": {
      "f1": 90.45045045045045,
      "loss": 9.549549549549553
    }
  },
  "training_stats": {
    "sighting_train": 3600,
    "sighting_test": 900,
    "sighting_features": 25,
    "cti_train": 1350,
    "cti_test": 338,
    "cti_features": 50,
    "label_dist_train": {
      "0": 1200,
      "1": 1200,
      "2": 1200
    }
  }
}