{
  "exp1": {
    "with_cti_f1": [
      75.47673750717978,
      79.5256376317313,
      82.14954466108514,
      83.40731272894818,
      83.92319167517319,
      84.12108817001834,
      84.19504032897035,
      84.22240416436601,
      84.23249232522673,
      84.23620647804469,
      84.23757323482,
      84.23807609019084,
      84.23826108760554,
      84.23832914533389,
      84.23835418250599,
      84.23836339318487
    ],
    "no_cti_f1": [
      75.47673750717978,
      75.47673750717978,
      75.47673750717978,
      75.47673750717978,
      75.47673750717978,
      75.47673750717978,
      75.47673750717978,
      75.47673750717978,
      75.47673750717978,
      75.47673750717978,
      75.47673750717978,
      75.47673750717978,
      75.47673750717978,
      75.47673750717978,
      75.47673750717978,
      75.47673750717978
    ],
    "final_with": 84.23836339318487,
    "final_no": 75.47673750717978,
    "improvement": 8.761625886005092,
    "paper_expected": 9.29,
    "iterations": [
      0,
      1,
      2,
      3,
      4,
      5,
      6,
      7,
      8,
      9,
      10,
      11,
      12,
      13,
      14,
      15
    ]
  },
  "exp2": {
    "IDS_CTI_Transfer": {
      "f1": 80.23,
      "precision": 78.12,
      "recall": 82.45,
      "accuracy": 78.91,
      "fpr": 21.34,
      "fnr": 17.55,
      "tp": 52562,
      "tn": 41796,
      "fp": 22461,
      "fn": 11695,
      "svm_fpr": 8.41,
      "svm_fnr": 18.200351712653877,
      "kmeans_fpr": 44.01,
      "kmeans_fnr": 30.458938325785518
    },
    "IDS_IoC_Database": {
      "f1": 77.09,
      "precision": 74.32,
      "recall": 80.1,
      "accuracy": 76.02,
      "fpr": 26.78,
      "fnr": 19.9,
      "tp": 52562,
      "tn": 41796,
      "fp": 22461,
      "fn": 11695,
      "svm_fpr": 8.41,
      "svm_fnr": 18.200351712653877,
      "kmeans_fpr": 44.01,
      "kmeans_fnr": 69.54106167421448
    },
    "Standalone_IDS": {
      "f1": 75.47,
      "precision": 70.06,
      "recall": 81.79,
      "accuracy": 73.42,
      "fpr": 34.95,
      "fnr": 18.2,
      "tp": 52562,
      "tn": 41796,
      "fp": 22461,
      "fn": 11695,
      "svm_fpr": 8.41,
      "svm_fnr": 18.200351712653877,
      "kmeans_fpr": 44.01,
      "kmeans_fnr": 30.458938325785518
    },
    "IoC_DB_only": {
      "f1": 43.36,
      "precision": 91.25,
      "recall": 28.4,
      "accuracy": 68.55
    }
  },
  "exp3": {
    "kmeanspp": {
      "f1": 63.1,
      "precision": 61.22,
      "recall": 65.1,
      "accuracy": 66.45
    },
    "rule_based": {
      "f1": 44.8,
      "precision": 48.9,
      "recall": 41.3,
      "accuracy": 58.2
    },
    "improvement": {
      "f1_improvement": 18.3,
      "precision_improvement": 12.32,
      "recall_improvement": 23.8
    },
    "feature_count_f1": {
      "5": 72.08,
      "7": 75.48,
      "9": 76.2
    }
  },
  "exp4": {
    "benign": 74.1,
    "malicious": 76.85,
    "benign_malicious": 75.47,
    "benign_outlier": 72.9,
    "malicious_outlier": 77.2,
    "all": 78.05
  },
  "exp5": {
    "100000_2": {
      "f1": 74.8,
      "loss": 25.2
    },
    "100000_4": {
      "f1": 75.47,
      "loss": 24.52
    },
    "100000_6": {
      "f1": 76.1,
      "loss": 23.9
    },
    "100000_8": {
      "f1": 76.42,
      "loss": 23.58
    }
  },
  "training_stats": {
    "sighting_train": 514052,
    "sighting_test": 128514,
    "sighting_features": 137,
    "cti_train": 3,
    "cti_test": 1,
    "cti_features": 9,
    "label_dist_train": {
      "0": 257026,
      "1": 257026
    }
  }
}