{
  "exp1": {
    "with_cti_f1": [
      72.69459666489895,
      72.69566754562999,
      72.69754286724412,
      72.70129334472499,
      72.69781417545514,
      72.69111798497569,
      72.68790596968759,
      72.69459666489895,
      72.69325948621258,
      72.69085178147968,
      72.69567266621499,
      72.69460195890713,
      72.69433562107868,
      72.69112384206419,
      72.69299873346883,
      72.67961536762432,
      72.68737389357722,
      72.69326499653897,
      72.68389662027833,
      72.68631002341299,
      72.6930042848939,
      72.6930042848939
    ],
    "no_cti_f1": [
      72.69459666489895,
      72.69459666489895,
      72.69459666489895,
      72.69459666489895,
      72.69459666489895,
      72.69459666489895,
      72.69459666489895,
      72.69459666489895,
      72.69459666489895,
      72.69459666489895,
      72.69459666489895,
      72.69459666489895,
      72.69459666489895,
      72.69459666489895,
      72.69459666489895,
      72.69459666489895,
      72.69459666489895,
      72.69459666489895,
      72.69459666489895,
      72.69459666489895,
      72.69459666489895,
      72.69459666489895
    ],
    "final_with": 72.6930042848939,
    "final_no": 72.69459666489895,
    "improvement": -0.0015923800050501313,
    "paper_expected": 9.29,
    "iterations": [
      0,
      1,
      2,
      3,
      4,
      5,
      6,
      7,
      8,
      9,
      10,
      11,
      12,
      13,
      14,
      15,
      16,
      17,
      18,
      19,
      20,
      21
    ]
  },
  "exp2": {
    "IDS_CTI_Transfer": {
      "f1": 72.69459666489895,
      "precision": 58.268980989491084,
      "recall": 96.61302321938994,
      "accuracy": 63.71040369630761,
      "fpr": 69.19221582677474,
      "fnr": 3.3869767806100475,
      "tp": 24674,
      "tn": 7868,
      "fp": 17671,
      "fn": 865,
      "svm_fpr": 69.19221582677474,
      "svm_fnr": 3.3869767806100475,
      "kmeans_fpr": 23.75190884529543,
      "kmeans_fnr": 72.15630995732018
    },
    "IDS_IoC_Database": {
      "f1": 72.69031345745934,
      "precision": 58.26347729580391,
      "recall": 96.61302321938994,
      "accuracy": 63.702572536121224,
      "fpr": 69.2078781471475,
      "fnr": 3.3869767806100475,
      "tp": 24674,
      "tn": 7864,
      "fp": 17675,
      "fn": 865,
      "svm_fpr": 69.2078781471475,
      "svm_fnr": 3.3869767806100475,
      "kmeans_fpr": 23.75190884529543,
      "kmeans_fnr": 72.15630995732018
    },
    "Standalone_IDS": {
      "f1": 72.69459666489895,
      "precision": 58.268980989491084,
      "recall": 96.61302321938994,
      "accuracy": 63.71040369630761,
      "fpr": 69.19221582677474,
      "fnr": 3.3869767806100475,
      "tp": 24674,
      "tn": 7868,
      "fp": 17671,
      "fn": 865,
      "svm_fpr": 69.19221582677474,
      "svm_fnr": 3.3869767806100475,
      "kmeans_fpr": 23.75190884529543,
      "kmeans_fnr": 72.15630995732018
    },
    "IoC_DB_only": {
      "f1": 100.0,
      "precision": 100.0,
      "recall": 100.0,
      "accuracy": 100.0
    }
  },
  "exp3": {
    "kmeanspp": {
      "f1": 100.0,
      "precision": 100.0,
      "recall": 100.0,
      "accuracy": 100.0
    },
    "rule_based": {
      "f1": 0.0,
      "precision": 0.0,
      "recall": 0.0,
      "accuracy": 56.213017751479285
    },
    "improvement": {
      "f1_improvement": 100.0,
      "precision_improvement": 100.0,
      "recall_improvement": 100.0
    },
    "feature_count_f1": {
      "5": 81.6,
      "15": 94.28571428571428,
      "25": 98.97610921501706,
      "35": 99.66101694915255,
      "45": 99.66101694915255
    }
  },
  "exp4": {
    "benign": 72.68389662027833,
    "malicious": 72.69593907881752,
    "benign_malicious": 72.68898901551962,
    "benign_outlier": 72.6817559309055,
    "malicious_outlier": 72.69808069053897,
    "all": 72.68551236749117
  },
  "exp5": {
    "100000_2": {
      "f1": 72.68897660990986,
      "loss": 27.311023390090142
    },
    "100000_4": {
      "f1": 72.6900472816721,
      "loss": 27.309952718327906
    },
    "100000_6": {
      "f1": 72.68897660990986,
      "loss": 27.311023390090142
    },
    "100000_8": {
      "f1": 72.69085178147968,
      "loss": 27.30914821852032
    }
  },
  "training_stats": {
    "sighting_train": 204308,
    "sighting_test": 51078,
    "sighting_features": 261,
    "cti_train": 1350,
    "cti_test": 338,
    "cti_features": 50,
    "label_dist_train": {
      "0": 102154,
      "1": 102154
    }
  }
}