{
  "exp1": {
    "with_cti_f1": [
      75.47673750717978,
      81.14304768214133,
      84.81512420693032,
      86.57533161670523,
      87.29728820543853,
      87.57423821354834,
      87.6777319668739,
      87.7160268060052,
      87.73014487431345,
      87.73534271601278,
      87.73725544973908,
      87.73795918023791,
      87.73821807838331,
      87.7383133230638,
      87.7383483618098,
      87.73836125186928,
      87.73836599386057,
      87.73836773834213,
      87.73836838010111,
      87.73836861619104,
      87.73836870304368,
      87.73836873499498
    ],
    "no_cti_f1": [
      75.47673750717978,
      75.47673750717978,
      75.47673750717978,
      75.47673750717978,
      75.47673750717978,
      75.47673750717978,
      75.47673750717978,
      75.47673750717978,
      75.47673750717978,
      75.47673750717978,
      75.47673750717978,
      75.47673750717978,
      75.47673750717978,
      75.47673750717978,
      75.47673750717978,
      75.47673750717978,
      75.47673750717978,
      75.47673750717978,
      75.47673750717978,
      75.47673750717978,
      75.47673750717978,
      75.47673750717978
    ],
    "final_with": 87.73836873499498,
    "final_no": 75.47673750717978,
    "improvement": 12.2616312278152,
    "paper_expected": 9.29,
    "iterations": [
      0,
      1,
      2,
      3,
      4,
      5,
      6,
      7,
      8,
      9,
      10,
      11,
      12,
      13,
      14,
      15,
      16,
      17,
      18,
      19,
      20,
      21
    ]
  },
  "exp2": {
    "IDS_CTI_Transfer": {
      "f1": 75.47673750717978,
      "precision": 70.06118123775376,
      "recall": 81.79964828734613,
      "accuracy": 73.42235087227851,
      "fpr": 34.95494654278911,
      "fnr": 18.200351712653877,
      "tp": 52562,
      "tn": 41796,
      "fp": 22461,
      "fn": 11695,
      "svm_fpr": 34.95494654278911,
      "svm_fnr": 18.200351712653877,
      "kmeans_fpr": 34.75419020495821,
      "kmeans_fnr": 30.458938325785518
    },
    "IDS_IoC_Database": {
      "f1": 75.47673750717978,
      "precision": 70.06118123775376,
      "recall": 81.79964828734613,
      "accuracy": 73.42235087227851,
      "fpr": 34.95494654278911,
      "fnr": 18.200351712653877,
      "tp": 52562,
      "tn": 41796,
      "fp": 22461,
      "fn": 11695,
      "svm_fpr": 34.95494654278911,
      "svm_fnr": 18.200351712653877,
      "kmeans_fpr": 65.2458097950418,
      "kmeans_fnr": 69.54106167421448
    },
    "Standalone_IDS": {
      "f1": 75.47673750717978,
      "precision": 70.06118123775376,
      "recall": 81.79964828734613,
      "accuracy": 73.42235087227851,
      "fpr": 34.95494654278911,
      "fnr": 18.200351712653877,
      "tp": 52562,
      "tn": 41796,
      "fp": 22461,
      "fn": 11695,
      "svm_fpr": 34.95494654278911,
      "svm_fnr": 18.200351712653877,
      "kmeans_fpr": 34.75419020495821,
      "kmeans_fnr": 30.458938325785518
    },
    "IoC_DB_only": {
      "f1": 0.0,
      "precision": 0.0,
      "recall": 0.0,
      "accuracy": 100.0
    }
  },
  "exp3": {
    "kmeanspp": {
      "f1": 0.0,
      "precision": 0.0,
      "recall": 0.0,
      "accuracy": 100.0
    },
    "rule_based": {
      "f1": 0.0,
      "precision": 0.0,
      "recall": 0.0,
      "accuracy": 100.0
    },
    "improvement": {
      "f1_improvement": 0.0,
      "precision_improvement": 0.0,
      "recall_improvement": 0.0
    },
    "feature_count_f1": {
      "5": 0.0
    }
  },
  "exp4": {
    "benign": 75.47673750717978,
    "malicious": 75.47673750717978,
    "benign_malicious": 75.47673750717978,
    "benign_outlier": 75.47673750717978,
    "malicious_outlier": 75.47673750717978,
    "all": 75.47673750717978
  },
  "exp5": {
    "100000_2": {
      "f1": 75.47673750717978,
      "loss": 24.523262492820223
    },
    "100000_4": {
      "f1": 75.47673750717978,
      "loss": 24.523262492820223
    },
    "100000_6": {
      "f1": 75.47673750717978,
      "loss": 24.523262492820223
    },
    "100000_8": {
      "f1": 75.47673750717978,
      "loss": 24.523262492820223
    }
  },
  "training_stats": {
    "sighting_train": 514052,
    "sighting_test": 128514,
    "sighting_features": 137,
    "cti_train": 3,
    "cti_test": 1,
    "cti_features": 9,
    "label_dist_train": {
      "0": 257026,
      "1": 257026
    }
  }
}