{
  "exp1": {
    "with_cti_f1": [
      72.01269305230062,
      72.00698588269539,
      72.00407509823897,
      72.00698588269539,
      72.00419085868948,
      72.01373630371201,
      72.01059278875535,
      72.00744954822565,
      72.00430658208694,
      72.00453956845,
      72.01082606987471,
      72.00826410207912,
      72.00884543761639,
      72.01280279333673,
      72.01152184349496,
      72.15953817895566,
      72.18374043018592,
      72.18431029454652,
      72.18220524335831,
      72.18770962755563,
      72.18957345971563,
      72.18852076528232
    ],
    "no_cti_f1": [
      72.01269305230062,
      72.01269305230062,
      72.01269305230062,
      72.01269305230062,
      72.01269305230062,
      72.01269305230062,
      72.01269305230062,
      72.01269305230062,
      72.01269305230062,
      72.01269305230062,
      72.01269305230062,
      72.01269305230062,
      72.01269305230062,
      72.01269305230062,
      72.01269305230062,
      72.01269305230062,
      72.01269305230062,
      72.01269305230062,
      72.01269305230062,
      72.01269305230062,
      72.01269305230062,
      72.01269305230062
    ],
    "final_with": 72.18852076528232,
    "final_no": 72.01269305230062,
    "improvement": 0.1758277129817003,
    "paper_expected": 9.29,
    "iterations": [
      0,
      1,
      2,
      3,
      4,
      5,
      6,
      7,
      8,
      9,
      10,
      11,
      12,
      13,
      14,
      15,
      16,
      17,
      18,
      19,
      20,
      21
    ]
  },
  "exp2": {
    "IDS_CTI_Transfer": {
      "f1": 72.01269305230062,
      "precision": 57.312326227988876,
      "recall": 96.85578918516778,
      "accuracy": 62.35757077411018,
      "fpr": 72.14064763694742,
      "fnr": 3.144210814832218,
      "tp": 24736,
      "tn": 7115,
      "fp": 18424,
      "fn": 803,
      "svm_fpr": 72.14064763694742,
      "svm_fnr": 3.144210814832218,
      "kmeans_fpr": 23.75190884529543,
      "kmeans_fnr": 72.17588785778614
    },
    "IDS_IoC_Database": {
      "f1": 72.00826710913167,
      "precision": 57.30534899344406,
      "recall": 96.85970476526097,
      "accuracy": 62.3477818238772,
      "fpr": 72.16414111750656,
      "fnr": 3.1402952347390265,
      "tp": 24737,
      "tn": 7109,
      "fp": 18430,
      "fn": 802,
      "svm_fpr": 72.16414111750656,
      "svm_fnr": 3.1402952347390265,
      "kmeans_fpr": 23.75190884529543,
      "kmeans_fnr": 73.06864011903363
    },
    "Standalone_IDS": {
      "f1": 72.01269305230062,
      "precision": 57.312326227988876,
      "recall": 96.85578918516778,
      "accuracy": 62.35757077411018,
      "fpr": 72.14064763694742,
      "fnr": 3.144210814832218,
      "tp": 24736,
      "tn": 7115,
      "fp": 18424,
      "fn": 803,
      "svm_fpr": 72.14064763694742,
      "svm_fnr": 3.144210814832218,
      "kmeans_fpr": 23.75190884529543,
      "kmeans_fnr": 72.17588785778614
    },
    "IoC_DB_only": {
      "f1": 100.0,
      "precision": 100.0,
      "recall": 100.0,
      "accuracy": 100.0
    }
  },
  "exp3": {
    "kmeanspp": {
      "f1": 100.0,
      "precision": 100.0,
      "recall": 100.0,
      "accuracy": 100.0
    },
    "rule_based": {
      "f1": 0.0,
      "precision": 0.0,
      "recall": 0.0,
      "accuracy": 56.213017751479285
    },
    "improvement": {
      "f1_improvement": 100.0,
      "precision_improvement": 100.0,
      "recall_improvement": 100.0
    },
    "feature_count_f1": {
      "5": 81.6,
      "15": 94.28571428571428,
      "25": 98.97610921501706,
      "35": 99.66101694915255,
      "45": 99.66101694915255
    }
  },
  "exp4": {
    "benign": 72.1908678595908,
    "malicious": 72.01152603545128,
    "benign_malicious": 72.20990607315792,
    "benign_outlier": 72.1992911628721,
    "malicious_outlier": 72.01071137501455,
    "all": 72.21071668173731
  },
  "exp5": {
    "100000_2": {
      "f1": 72.00931518812314,
      "loss": 27.99068481187686
    },
    "100000_4": {
      "f1": 72.00558927557749,
      "loss": 27.994410724422508
    },
    "100000_6": {
      "f1": 72.00663736135775,
      "loss": 27.993362638642253
    },
    "100000_8": {
      "f1": 72.00663736135775,
      "loss": 27.993362638642253
    }
  },
  "training_stats": {
    "sighting_train": 204308,
    "sighting_test": 51078,
    "sighting_features": 259,
    "cti_train": 1350,
    "cti_test": 338,
    "cti_features": 50,
    "label_dist_train": {
      "0": 102154,
      "1": 102154
    }
  }
}