{
  "exp1": {
    "with_cti_f1": [
      72.01269305230062,
      72.01222618441162,
      72.01117806305126,
      72.01222618441162,
      72.00989666715179,
      72.01047806155862,
      72.00651958786891,
      72.1790252228333,
      72.17610760186145,
      72.17562541025454,
      72.18786464410735,
      72.19297350114483,
      72.19402636798506,
      72.19613219379868,
      72.1898150848743,
      72.19402636798506,
      72.1950792655359,
      72.19532115979231,
      72.20034421399609,
      72.1977541198775,
      72.19613219379868,
      72.20909541728653
    ],
    "no_cti_f1": [
      72.01269305230062,
      72.01269305230062,
      72.01269305230062,
      72.01269305230062,
      72.01269305230062,
      72.01269305230062,
      72.01269305230062,
      72.01269305230062,
      72.01269305230062,
      72.01269305230062,
      72.01269305230062,
      72.01269305230062,
      72.01269305230062,
      72.01269305230062,
      72.01269305230062,
      72.01269305230062,
      72.01269305230062,
      72.01269305230062,
      72.01269305230062,
      72.01269305230062,
      72.01269305230062,
      72.01269305230062
    ],
    "final_with": 72.20909541728653,
    "final_no": 72.01269305230062,
    "improvement": 0.19640236498591435,
    "paper_expected": 9.29,
    "iterations": [
      0,
      1,
      2,
      3,
      4,
      5,
      6,
      7,
      8,
      9,
      10,
      11,
      12,
      13,
      14,
      15,
      16,
      17,
      18,
      19,
      20,
      21
    ]
  },
  "exp2": {
    "IDS_CTI_Transfer": {
      "f1": 72.01269305230062,
      "precision": 57.312326227988876,
      "recall": 96.85578918516778,
      "accuracy": 62.35757077411018,
      "fpr": 72.14064763694742,
      "fnr": 3.144210814832218,
      "tp": 24736,
      "tn": 7115,
      "fp": 18424,
      "fn": 803,
      "svm_fpr": 72.14064763694742,
      "svm_fnr": 3.144210814832218,
      "kmeans_fpr": 23.75190884529543,
      "kmeans_fnr": 72.17588785778614
    },
    "IDS_IoC_Database": {
      "f1": 72.00826710913167,
      "precision": 57.30534899344406,
      "recall": 96.85970476526097,
      "accuracy": 62.3477818238772,
      "fpr": 72.16414111750656,
      "fnr": 3.1402952347390265,
      "tp": 24737,
      "tn": 7109,
      "fp": 18430,
      "fn": 802,
      "svm_fpr": 72.16414111750656,
      "svm_fnr": 3.1402952347390265,
      "kmeans_fpr": 23.75190884529543,
      "kmeans_fnr": 73.06864011903363
    },
    "Standalone_IDS": {
      "f1": 72.01269305230062,
      "precision": 57.312326227988876,
      "recall": 96.85578918516778,
      "accuracy": 62.35757077411018,
      "fpr": 72.14064763694742,
      "fnr": 3.144210814832218,
      "tp": 24736,
      "tn": 7115,
      "fp": 18424,
      "fn": 803,
      "svm_fpr": 72.14064763694742,
      "svm_fnr": 3.144210814832218,
      "kmeans_fpr": 23.75190884529543,
      "kmeans_fnr": 72.17588785778614
    },
    "IoC_DB_only": {
      "f1": 100.0,
      "precision": 100.0,
      "recall": 100.0,
      "accuracy": 100.0
    }
  },
  "exp3": {
    "kmeanspp": {
      "f1": 100.0,
      "precision": 100.0,
      "recall": 100.0,
      "accuracy": 100.0
    },
    "rule_based": {
      "f1": 0.0,
      "precision": 0.0,
      "recall": 0.0,
      "accuracy": 56.213017751479285
    },
    "improvement": {
      "f1_improvement": 100.0,
      "precision_improvement": 100.0,
      "recall_improvement": 100.0
    },
    "feature_count_f1": {
      "5": 81.6,
      "15": 94.28571428571428,
      "25": 98.97610921501706,
      "35": 99.66101694915255,
      "45": 99.66101694915255
    }
  },
  "exp4": {
    "benign": 72.1908678595908,
    "malicious": 72.00966338247493,
    "benign_malicious": 72.21095926374284,
    "benign_outlier": 72.19613219379868,
    "malicious_outlier": 72.00651958786891,
    "all": 72.20909541728653
  },
  "exp5": {
    "100000_2": {
      "f1": 72.00768547764953,
      "loss": 27.99231452235047
    },
    "100000_4": {
      "f1": 72.00768547764953,
      "loss": 27.99231452235047
    },
    "100000_6": {
      "f1": 72.00558927557749,
      "loss": 27.994410724422508
    },
    "100000_8": {
      "f1": 72.00663736135775,
      "loss": 27.993362638642253
    }
  },
  "training_stats": {
    "sighting_train": 204308,
    "sighting_test": 51078,
    "sighting_features": 259,
    "cti_train": 1350,
    "cti_test": 338,
    "cti_features": 50,
    "label_dist_train": {
      "0": 102154,
      "1": 102154
    }
  }
}