{
  "exp1": {
    "with_cti_f1": [
      71.68210029545318,
      71.6809071625399,
      71.67380272756105,
      71.6698382492864,
      71.66445321017265,
      71.66101829280377,
      71.65622770157773,
      71.6482993736621,
      71.6675254667248,
      71.6635617741488,
      71.65025069858697,
      71.65758446448032,
      71.66237368733901,
      71.66461940801204,
      71.66290265065969,
      71.65864384619957,
      71.65864384619957,
      71.64788146504763,
      71.64616633984986,
      71.65065848103772,
      71.63989939996436,
      71.63960396039603
    ],
    "no_cti_f1": [
      71.68210029545318,
      71.68210029545318,
      71.68210029545318,
      71.68210029545318,
      71.68210029545318,
      71.68210029545318,
      71.68210029545318,
      71.68210029545318,
      71.68210029545318,
      71.68210029545318,
      71.68210029545318,
      71.68210029545318,
      71.68210029545318,
      71.68210029545318,
      71.68210029545318,
      71.68210029545318,
      71.68210029545318,
      71.68210029545318,
      71.68210029545318,
      71.68210029545318,
      71.68210029545318,
      71.68210029545318
    ],
    "final_with": 71.63960396039603,
    "final_no": 71.68210029545318,
    "improvement": -0.04249633505715167,
    "paper_expected": 9.29,
    "iterations": [
      0,
      1,
      2,
      3,
      4,
      5,
      6,
      7,
      8,
      9,
      10,
      11,
      12,
      13,
      14,
      15,
      16,
      17,
      18,
      19,
      20,
      21
    ]
  },
  "exp2": {
    "IDS_CTI_Transfer": {
      "f1": 71.68210029545318,
      "precision": 56.96681269501087,
      "recall": 96.6474173885146,
      "accuracy": 61.81959148754144,
      "fpr": 73.00823441343172,
      "fnr": 3.3525826114854023,
      "tp": 18075,
      "tn": 5048,
      "fp": 13654,
      "fn": 627,
      "svm_fpr": 73.00823441343172,
      "svm_fnr": 3.3525826114854023,
      "kmeans_fpr": 24.86899796813175,
      "kmeans_fnr": 73.00288739172281
    },
    "IDS_IoC_Database": {
      "f1": 71.66137985725615,
      "precision": 56.944356922301345,
      "recall": 96.63672334509678,
      "accuracy": 61.78483584643354,
      "fpr": 73.06705165222971,
      "fnr": 3.3632766549032187,
      "tp": 18073,
      "tn": 5037,
      "fp": 13665,
      "fn": 629,
      "svm_fpr": 73.06705165222971,
      "svm_fnr": 3.3632766549032187,
      "kmeans_fpr": 24.86899796813175,
      "kmeans_fnr": 73.01358143514062
    },
    "Standalone_IDS": {
      "f1": 71.68210029545318,
      "precision": 56.96681269501087,
      "recall": 96.6474173885146,
      "accuracy": 61.81959148754144,
      "fpr": 73.00823441343172,
      "fnr": 3.3525826114854023,
      "tp": 18075,
      "tn": 5048,
      "fp": 13654,
      "fn": 627,
      "svm_fpr": 73.00823441343172,
      "svm_fnr": 3.3525826114854023,
      "kmeans_fpr": 24.86899796813175,
      "kmeans_fnr": 73.00288739172281
    },
    "IoC_DB_only": {
      "f1": 100.0,
      "precision": 100.0,
      "recall": 100.0,
      "accuracy": 100.0
    }
  },
  "exp3": {
    "kmeanspp": {
      "f1": 100.0,
      "precision": 100.0,
      "recall": 100.0,
      "accuracy": 100.0
    },
    "rule_based": {
      "f1": 0.0,
      "precision": 0.0,
      "recall": 0.0,
      "accuracy": 56.213017751479285
    },
    "improvement": {
      "f1_improvement": 100.0,
      "precision_improvement": 100.0,
      "recall_improvement": 100.0
    },
    "feature_count_f1": {
      "5": 81.6,
      "15": 94.28571428571428,
      "25": 98.97610921501706,
      "35": 99.66101694915255,
      "45": 99.66101694915255
    }
  },
  "exp4": {
    "benign": 71.66963755199049,
    "malicious": 71.66445321017265,
    "benign_malicious": 71.63452017901699,
    "benign_outlier": 71.66537935951519,
    "malicious_outlier": 71.66841760986343,
    "all": 71.66785459729151
  },
  "exp5": {
    "32_2": {
      "f1": 71.6775383151258,
      "loss": 28.3224616848742
    },
    "32_4": {
      "f1": 71.6710286303434,
      "loss": 28.3289713696566
    },
    "32_6": {
      "f1": 71.66055318727075,
      "loss": 28.33944681272925
    },
    "32_8": {
      "f1": 71.66848418756815,
      "loss": 28.331515812431846
    },
    "32_10": {
      "f1": 71.67073098197822,
      "loss": 28.329269018021776
    },
    "64_2": {
      "f1": 71.67244968771686,
      "loss": 28.327550312283137
    },
    "64_4": {
      "f1": 71.67611721321227,
      "loss": 28.323882786787735
    },
    "64_6": {
      "f1": 71.663394999306,
      "loss": 28.336605000693993
    },
    "64_8": {
      "f1": 71.66055318727075,
      "loss": 28.33944681272925
    },
    "64_10": {
      "f1": 71.6721519489274,
      "loss": 28.327848051072607
    },
    "96_2": {
      "f1": 71.66990522266725,
      "loss": 28.330094777332747
    },
    "96_4": {
      "f1": 71.65942934189916,
      "loss": 28.340570658100845
    },
    "96_6": {
      "f1": 71.66848418756815,
      "loss": 28.331515812431846
    },
    "96_8": {
      "f1": 71.6710286303434,
      "loss": 28.3289713696566
    },
    "96_10": {
      "f1": 71.6710286303434,
      "loss": 28.3289713696566
    },
    "128_2": {
      "f1": 71.6619740651148,
      "loss": 28.338025934885195
    },
    "128_4": {
      "f1": 71.66960762931974,
      "loss": 28.330392370680258
    },
    "128_6": {
      "f1": 71.66818668464254,
      "loss": 28.331813315357465
    },
    "128_8": {
      "f1": 71.67469616764805,
      "loss": 28.32530383235195
    },
    "128_10": {
      "f1": 71.66564228641673,
      "loss": 28.334357713583273
    },
    "160_2": {
      "f1": 71.67611721321227,
      "loss": 28.323882786787735
    },
    "160_4": {
      "f1": 71.66848418756815,
      "loss": 28.331515812431846
    },
    "160_6": {
      "f1": 71.66960762931974,
      "loss": 28.330392370680258
    },
    "160_8": {
      "f1": 71.67469616764805,
      "loss": 28.32530383235195
    },
    "160_10": {
      "f1": 71.67611721321227,
      "loss": 28.323882786787735
    },
    "192_2": {
      "f1": 71.67327517842982,
      "loss": 28.32672482157018
    },
    "192_4": {
      "f1": 71.67327517842982,
      "loss": 28.32672482157018
    },
    "192_6": {
      "f1": 71.67469616764805,
      "loss": 28.32530383235195
    },
    "192_8": {
      "f1": 71.66960762931974,
      "loss": 28.330392370680258
    },
    "192_10": {
      "f1": 71.67327517842982,
      "loss": 28.32672482157018
    },
    "224_2": {
      "f1": 71.66451868741946,
      "loss": 28.33548131258054
    },
    "224_4": {
      "f1": 71.66960762931974,
      "loss": 28.330392370680258
    },
    "224_6": {
      "f1": 71.66706320881909,
      "loss": 28.332936791180913
    },
    "224_8": {
      "f1": 71.67327517842982,
      "loss": 28.32672482157018
    },
    "224_10": {
      "f1": 71.6710286303434,
      "loss": 28.3289713696566
    },
    "256_2": {
      "f1": 71.66818668464254,
      "loss": 28.331813315357465
    },
    "256_4": {
      "f1": 71.66960762931974,
      "loss": 28.330392370680258
    },
    "256_6": {
      "f1": 71.6710286303434,
      "loss": 28.3289713696566
    },
    "256_8": {
      "f1": 71.67327517842982,
      "loss": 28.32672482157018
    },
    "256_10": {
      "f1": 71.67327517842982,
      "loss": 28.32672482157018
    },
    "288_2": {
      "f1": 71.66960762931974,
      "loss": 28.330392370680258
    },
    "288_4": {
      "f1": 71.66818668464254,
      "loss": 28.331813315357465
    },
    "288_6": {
      "f1": 71.66960762931974,
      "loss": 28.330392370680258
    },
    "288_8": {
      "f1": 71.67469616764805,
      "loss": 28.32530383235195
    },
    "288_10": {
      "f1": 71.66818668464254,
      "loss": 28.331813315357465
    }
  },
  "training_stats": {
    "sighting_train": 149616,
    "sighting_test": 37404,
    "sighting_features": 259,
    "cti_train": 1350,
    "cti_test": 338,
    "cti_features": 50,
    "label_dist_train": {
      "0": 74808,
      "1": 74808
    }
  }
}