{
  "exp1": {
    "with_cti_f1": [
      99.7883514932978,
      99.7883514932978,
      99.7883514932978,
      99.7883514932978,
      99.7883514932978,
      99.7883514932978,
      99.7883514932978,
      99.7883514932978,
      99.7883514932978,
      99.7883514932978,
      99.7883514932978,
      99.7883514932978,
      99.7883514932978,
      99.7883514932978,
      99.7883514932978,
      99.7883514932978,
      99.7883514932978,
      99.7883514932978,
      99.7883514932978,
      99.7883514932978,
      99.7883514932978,
      99.7883514932978
    ],
    "no_cti_f1": [
      99.7883514932978,
      99.7883514932978,
      99.7883514932978,
      99.7883514932978,
      99.7883514932978,
      99.7883514932978,
      99.7883514932978,
      99.7883514932978,
      99.7883514932978,
      99.7883514932978,
      99.7883514932978,
      99.7883514932978,
      99.7883514932978,
      99.7883514932978,
      99.7883514932978,
      99.7883514932978,
      99.7883514932978,
      99.7883514932978,
      99.7883514932978,
      99.7883514932978,
      99.7883514932978,
      99.7883514932978
    ],
    "final_with": 99.7883514932978,
    "final_no": 99.7883514932978,
    "improvement": 0.0,
    "paper_expected": 9.29,
    "iterations": [
      0,
      1,
      2,
      3,
      4,
      5,
      6,
      7,
      8,
      9,
      10,
      11,
      12,
      13,
      14,
      15,
      16,
      17,
      18,
      19,
      20,
      21
    ]
  },
  "exp2": {
    "IDS_CTI_Transfer": {
      "f1": 99.7883514932978,
      "precision": 99.8862254305779,
      "recall": 99.69066917263793,
      "accuracy": 99.7885586749677,
      "fpr": 0.11355182270253338,
      "fnr": 0.30933082736207373,
      "tp": 25460,
      "tn": 25510,
      "fp": 29,
      "fn": 79,
      "svm_fpr": 0.11355182270253338,
      "svm_fnr": 0.30933082736207373,
      "kmeans_fpr": 0.01957790046595403,
      "kmeans_fnr": 25.00489447511649
    },
    "IDS_IoC_Database": {
      "f1": 99.7883514932978,
      "precision": 99.8862254305779,
      "recall": 99.69066917263793,
      "accuracy": 99.7885586749677,
      "fpr": 0.11355182270253338,
      "fnr": 0.30933082736207373,
      "tp": 25460,
      "tn": 25510,
      "fp": 29,
      "fn": 79,
      "svm_fpr": 0.11355182270253338,
      "svm_fnr": 0.30933082736207373,
      "kmeans_fpr": 99.98042209953405,
      "kmeans_fnr": 74.93637182348564
    },
    "Standalone_IDS": {
      "f1": 99.7883514932978,
      "precision": 99.8862254305779,
      "recall": 99.69066917263793,
      "accuracy": 99.7885586749677,
      "fpr": 0.11355182270253338,
      "fnr": 0.30933082736207373,
      "tp": 25460,
      "tn": 25510,
      "fp": 29,
      "fn": 79,
      "svm_fpr": 0.11355182270253338,
      "svm_fnr": 0.30933082736207373,
      "kmeans_fpr": 0.01957790046595403,
      "kmeans_fnr": 25.00489447511649
    },
    "IoC_DB_only": {
      "f1": 100.0,
      "precision": 100.0,
      "recall": 100.0,
      "accuracy": 100.0
    }
  },
  "exp3": {
    "kmeanspp": {
      "f1": 100.0,
      "precision": 100.0,
      "recall": 100.0,
      "accuracy": 100.0
    },
    "rule_based": {
      "f1": 0.0,
      "precision": 0.0,
      "recall": 0.0,
      "accuracy": 56.213017751479285
    },
    "improvement": {
      "f1_improvement": 100.0,
      "precision_improvement": 100.0,
      "recall_improvement": 100.0
    },
    "feature_count_f1": {
      "5": 81.6,
      "15": 94.28571428571428,
      "25": 98.97610921501706,
      "35": 99.66101694915255,
      "45": 99.66101694915255
    }
  },
  "exp4": {
    "benign": 99.7883514932978,
    "malicious": 99.7883514932978,
    "benign_malicious": 99.7883514932978,
    "benign_outlier": 99.7883514932978,
    "malicious_outlier": 99.7883514932978,
    "all": 99.7883514932978
  },
  "exp5": {
    "100000_2": {
      "f1": 99.7883514932978,
      "loss": 0.21164850670220403
    },
    "100000_4": {
      "f1": 99.7883514932978,
      "loss": 0.21164850670220403
    },
    "100000_6": {
      "f1": 99.7883514932978,
      "loss": 0.21164850670220403
    },
    "100000_8": {
      "f1": 99.7883514932978,
      "loss": 0.21164850670220403
    }
  },
  "training_stats": {
    "sighting_train": 204308,
    "sighting_test": 51078,
    "sighting_features": 272,
    "cti_train": 1350,
    "cti_test": 338,
    "cti_features": 50,
    "label_dist_train": {
      "0": 102154,
      "1": 102154
    }
  }
}