{
  "exp1": {
    "with_cti_f1": [
      97.63368587525947,
      97.63156854216916,
      97.57448660625965,
      96.55131849818646,
      95.11942254650731,
      90.77129935215744,
      89.94848005911452,
      89.57222004819477,
      89.44242824150446,
      87.05982697697088,
      86.04622571920333,
      85.01097458409403,
      84.74144134882286,
      84.61095100864553,
      84.54440599769319,
      84.49682683590208,
      84.41108545034642,
      84.36816700358925,
      84.29656538969617,
      84.22248383832125,
      84.17463892390025,
      84.07643312101911
    ],
    "no_cti_f1": [
      97.63368587525947,
      97.63368587525947,
      97.63368587525947,
      97.63368587525947,
      97.63368587525947,
      97.63368587525947,
      97.63368587525947,
      97.63368587525947,
      97.63368587525947,
      97.63368587525947,
      97.63368587525947,
      97.63368587525947,
      97.63368587525947,
      97.63368587525947,
      97.63368587525947,
      97.63368587525947,
      97.63368587525947,
      97.63368587525947,
      97.63368587525947,
      97.63368587525947,
      97.63368587525947,
      97.63368587525947
    ],
    "final_with": 84.07643312101911,
    "final_no": 97.63368587525947,
    "improvement": -13.557252754240366,
    "paper_expected": 9.29,
    "iterations": [
      0,
      1,
      2,
      3,
      4,
      5,
      6,
      7,
      8,
      9,
      10,
      11,
      12,
      13,
      14,
      15,
      16,
      17,
      18,
      19,
      20,
      21
    ]
  },
  "exp2": {
    "IDS_CTI_Transfer": {
      "f1": 97.63368587525947,
      "precision": 98.59458596183023,
      "recall": 96.69133482125378,
      "accuracy": 97.6565253142253,
      "fpr": 1.3782841928031637,
      "fnr": 3.308665178746231,
      "tp": 24694,
      "tn": 25187,
      "fp": 352,
      "fn": 845,
      "svm_fpr": 1.3782841928031637,
      "svm_fnr": 3.308665178746231,
      "kmeans_fpr": 23.8497983476252,
      "kmeans_fnr": 70.56658443948471
    },
    "IDS_IoC_Database": {
      "f1": 97.63368587525947,
      "precision": 98.59458596183023,
      "recall": 96.69133482125378,
      "accuracy": 97.6565253142253,
      "fpr": 1.3782841928031637,
      "fnr": 3.308665178746231,
      "tp": 24694,
      "tn": 25187,
      "fp": 352,
      "fn": 845,
      "svm_fpr": 1.3782841928031637,
      "svm_fnr": 3.308665178746231,
      "kmeans_fpr": 23.8497983476252,
      "kmeans_fnr": 70.58616233995066
    },
    "Standalone_IDS": {
      "f1": 97.63368587525947,
      "precision": 98.59458596183023,
      "recall": 96.69133482125378,
      "accuracy": 97.6565253142253,
      "fpr": 1.3782841928031637,
      "fnr": 3.308665178746231,
      "tp": 24694,
      "tn": 25187,
      "fp": 352,
      "fn": 845,
      "svm_fpr": 1.3782841928031637,
      "svm_fnr": 3.308665178746231,
      "kmeans_fpr": 23.8497983476252,
      "kmeans_fnr": 70.56658443948471
    },
    "IoC_DB_only": {
      "f1": 100.0,
      "precision": 100.0,
      "recall": 100.0,
      "accuracy": 100.0
    }
  },
  "exp3": {
    "kmeanspp": {
      "f1": 100.0,
      "precision": 100.0,
      "recall": 100.0,
      "accuracy": 100.0
    },
    "rule_based": {
      "f1": 0.0,
      "precision": 0.0,
      "recall": 0.0,
      "accuracy": 56.213017751479285
    },
    "improvement": {
      "f1_improvement": 100.0,
      "precision_improvement": 100.0,
      "recall_improvement": 100.0
    },
    "feature_count_f1": {
      "5": 81.6,
      "15": 94.28571428571428,
      "25": 98.97610921501706,
      "35": 99.66101694915255,
      "45": 99.66101694915255
    }
  },
  "exp4": {
    "benign": 83.97085610200364,
    "malicious": 97.62963841606864,
    "benign_malicious": 82.88239349810918,
    "benign_outlier": 83.99726838151605,
    "malicious_outlier": 97.62770836628182,
    "all": 82.64701572215128
  },
  "exp5": {
    "100000_2": {
      "f1": 97.63368587525947,
      "loss": 2.3663141247405264
    },
    "100000_4": {
      "f1": 97.63368587525947,
      "loss": 2.3663141247405264
    },
    "100000_6": {
      "f1": 97.63368587525947,
      "loss": 2.3663141247405264
    },
    "100000_8": {
      "f1": 97.63368587525947,
      "loss": 2.3663141247405264
    }
  },
  "training_stats": {
    "sighting_train": 204308,
    "sighting_test": 51078,
    "sighting_features": 262,
    "cti_train": 1350,
    "cti_test": 338,
    "cti_features": 50,
    "label_dist_train": {
      "0": 102154,
      "1": 102154
    }
  }
}